name,email,age,salary
Dane,tincidunt.pede@massa.net,34,3451
Armando,ipsum.porta@viverraDonec.co.uk,36,8067
Madeline,luctus.Curabitur@non.edu,44,5662
Irene,nunc.Quisque@faucibus.ca,46,2989
Erich,luctus.lobortis.Class@rhoncusNullam.org,26,3840
Mark,mauris.Suspendisse@dolorsitamet.co.uk,37,4929
Leila,eu.neque@dignissimlacusAliquam.edu,40,9907
Preston,metus@sed.net,29,9338
Tucker,faucibus.leo.in@ornare.org,26,2274
Armand,Nulla@Ut.org,48,2075
Upton,dui.in.sodales@Integer.org,41,6498
Amal,orci.quis.lectus@liberoestcongue.edu,45,7178
Hedley,vulputate.posuere@laciniaat.com,31,8414
Hamish,nulla.Donec.non@eu.org,21,9980
Margaret,Proin.ultrices@dolor.net,37,6735
Jermaine,lacus@at.org,21,2751
Aristotle,nisi.nibh@gravidamaurisut.ca,32,8760
Yoshi,litora.torquent@orcitincidunt.net,40,2963
Mikayla,Duis@enimcommodo.edu,50,4591
Xavier,dolor@purusNullam.ca,43,8131
Harlan,et.eros.Proin@consectetueradipiscingelit.edu,32,8146
Brody,vitae@iaculisodio.co.uk,33,9494
Alvin,massa.Quisque.porttitor@nislelementum.org,42,8960
Kaitlin,sem@eratnequenon.net,29,9776
Tashya,mollis.dui@molestiepharetra.org,27,2971
Asher,natoque@eu.ca,37,3323
Ali,In.nec@estmaurisrhoncus.org,26,7375
Allegra,augue.eu@estconguea.org,43,2349
Mona,ligula.eu@mollis.org,35,4929
Ishmael,pede@tellusimperdietnon.com,33,8723
Isaiah,malesuada@ametconsectetueradipiscing.edu,39,9534
Damon,ac.feugiat.non@Integer.org,20,2183
Griffith,fringilla.euismod.enim@cursuset.edu,26,6504
Elmo,aliquam.eros.turpis@consectetueripsum.edu,33,2811
Alan,dolor@ipsumac.edu,20,4988
Jerome,Sed@eu.net,49,8010
Aretha,mi.Duis@vulputaterisusa.ca,40,6404
Maris,eget.odio@nullaCraseu.ca,44,6725
India,odio.Nam@euodiotristique.co.uk,22,9050
Bryar,Nulla.tincidunt@Duis.ca,46,4951
Baxter,in.consequat.enim@duinec.ca,33,2924
Shea,aliquam.arcu@tinciduntaliquamarcu.edu,33,6662
Kessie,turpis@Quisque.ca,47,5921
Allen,quis.diam@mollisdui.ca,20,7235
Randall,Integer.tincidunt.aliquam@anuncIn.edu,40,3464
Byron,est@justoProinnon.com,44,5040
Amos,malesuada.vel@aceleifendvitae.com,37,3439
Scott,leo@Duiscursus.com,37,7297
Jane,eu@etmalesuada.edu,34,9584
Cyrus,nulla.ante@egettinciduntdui.co.uk,48,4433
Tamekah,lectus@tempusnon.co.uk,41,7644
Lillian,posuere@nec.net,30,5037
Rebekah,libero@Curabiturutodio.org,33,3020
Jemima,nibh@ProinvelitSed.org,50,6337
Bernard,torquent.per.conubia@orciadipiscingnon.co.uk,37,5647
Oren,auctor.vitae.aliquet@molestiedapibus.edu,47,3328
Randall,sapien.molestie@tristiquepharetraQuisque.edu,36,2276
Judah,ut@vitae.edu,31,7471
Rhea,Phasellus@tortorInteger.org,42,8268
Ulysses,vulputate@purus.co.uk,50,4228
Rashad,id.ante@necligulaconsectetuer.ca,34,7542
Meghan,dolor@Mauris.ca,35,9169
Ezra,mus@ornareIn.edu,46,3662
Kimberley,urna.Ut@Duisac.edu,30,3055
Lucy,aliquam@nibhPhasellus.org,44,7234
Destiny,sit@faucibus.co.uk,49,7601
Drew,lorem.tristique.aliquet@ac.net,20,8350
Eliana,fermentum@utaliquam.co.uk,38,2740
Carter,neque.pellentesque.massa@acarcu.ca,50,8666
Teegan,a.ultricies.adipiscing@Quisqueporttitoreros.ca,40,8381
Clark,justo.eu.arcu@dictum.org,50,6806
Asher,id@arcu.com,38,2560
Ciaran,vel@neque.org,26,6678
Kermit,eget.ipsum.Donec@auctorMaurisvel.ca,47,9356
Coby,laoreet.posuere.enim@sitametdiam.com,38,8220
Rachel,eget@posuere.ca,39,6037
Ocean,elit@tortorIntegeraliquam.net,33,9390
Germane,nec@Sed.co.uk,32,2026
Malik,nunc@magnaCrasconvallis.co.uk,38,7291
Hall,lobortis@Vivamusnonlorem.net,26,4328
Hyacinth,interdum.Sed@egestasDuis.net,28,8552
Keaton,malesuada@dictumProineget.com,42,6442
Baker,ultricies.sem@Proinvelit.co.uk,42,5909
Xavier,sodales.purus@dolorsit.co.uk,41,9766
Maryam,aliquet.magna@Donec.net,45,2342
Myra,lacus.Etiam@Nullamfeugiatplacerat.com,37,3541
Yoshio,velit.Sed.malesuada@sitametrisus.ca,27,4673
Buffy,eu.placerat@etarcu.net,37,8538
Leah,ut@nibhAliquam.ca,37,9208
Neville,erat.eget@mollisnon.com,20,9530
Catherine,lectus.Cum.sociis@Proinegetodio.net,21,5337
Mara,cursus.Integer@loremluctusut.net,48,7962
Raymond,pharetra.felis@aliquetPhasellusfermentum.org,27,7437
Cole,a.purus@dapibusquam.edu,49,7519
Quintessa,sed.dolor@vestibulumnec.net,20,6806
Rachel,montes@fermentum.edu,24,6493
Violet,mauris.sapien.cursus@lacuspedesagittis.net,25,6057
Cooper,Nullam.lobortis@Donecluctus.net,48,2431
Shad,mauris.Integer@sit.org,36,8650
Fleur,morbi.tristique.senectus@dapibus.org,47,5748
Dominique,mollis.vitae.posuere@Fusce.edu,20,2377
Isabelle,euismod@tempusloremfringilla.org,22,7411
Ahmed,gravida.nunc.sed@lectusNullam.edu,22,2943
Kamal,Donec@Mauriseu.net,38,6084
Hakeem,Morbi@tinciduntnequevitae.com,47,7291
Joy,at.velit@tempuseu.co.uk,21,5676
Colette,mi.Duis@justositamet.net,21,6263
Jameson,rutrum@Fusce.net,46,9250
Zeph,interdum.Sed@laoreetliberoet.edu,37,5090
Quynn,augue@est.net,24,2379
Molly,massa@accumsanlaoreet.ca,22,8858
Emily,molestie@Etiambibendumfermentum.com,30,9689
Cadman,ornare.Fusce.mollis@nasceturridiculus.net,41,8647
Calista,nec.leo@venenatis.ca,38,4563
Oliver,fringilla@euplacerateget.ca,40,2106
Amir,ligula.consectetuer.rhoncus@Aenean.edu,36,9526
Burke,Nulla.facilisi.Sed@mauris.ca,42,3508
Connor,pede.Cras.vulputate@Suspendissealiquet.edu,35,7367
Ainsley,risus@ametconsectetuer.com,37,5357
Nash,dictum.mi.ac@ridiculusmus.edu,30,6547
Phoebe,sociis.natoque@cursusNunc.co.uk,34,4697
Buffy,quis.massa.Mauris@at.org,22,5246
Elaine,elit.Etiam@nisidictum.edu,31,6138
Garrison,mollis.non.cursus@nuncIn.com,42,5227
Brady,non.nisi@inhendreritconsectetuer.org,37,8825
Jelani,In.nec@vehiculaaliquetlibero.org,46,2115
Eugenia,purus.mauris@imperdietullamcorper.net,39,6715
Kristen,arcu.vel@magnaSuspendissetristique.co.uk,50,4081
Regan,ipsum.Suspendisse@egestas.co.uk,31,3440
Lavinia,dolor.dapibus@Vivamus.com,29,9995
Taylor,Etiam@feugiatnonlobortis.net,27,5307
Gabriel,placerat.velit@orci.edu,20,9689
Gannon,scelerisque@maurisrhoncus.com,43,7315
Amir,dui.semper.et@aliquetProinvelit.com,35,4745
Chancellor,Nulla.eu.neque@lectusrutrumurna.co.uk,42,3900
Elizabeth,Aliquam@fermentum.org,39,5629
Brandon,conubia.nostra@mollisInteger.ca,26,8705
Kevin,mi@nondapibus.edu,49,3854
Dana,Integer.vitae@Praesent.co.uk,36,9902
Brady,lectus.Nullam.suscipit@tempus.co.uk,36,9037
Jack,egestas@Curae.org,31,2608
Jared,venenatis@interdumCurabitur.co.uk,29,5849
Aspen,felis@Aeneansed.net,32,9413
Charissa,at.lacus@luctuset.org,22,3275
Mufutau,aliquet.Phasellus.fermentum@sit.edu,20,7796
Hamilton,lacus@justo.net,31,6512
Igor,Aenean@anteipsumprimis.co.uk,31,7409
Chastity,mauris.Morbi.non@quisdiam.net,37,9115
Kenneth,sem.egestas.blandit@Cum.ca,25,6694
Alea,vel.lectus.Cum@acliberonec.org,44,5221
Tamara,nec.leo.Morbi@inconsectetueripsum.org,27,4450
Burke,ultrices.posuere.cubilia@a.net,48,4090
Laura,nonummy.Fusce@Donec.co.uk,34,3731
Caryn,molestie.dapibus.ligula@Suspendissedui.ca,22,2565
Amela,Nam.nulla.magna@vulputate.edu,46,3076
Gage,erat@etultricesposuere.org,50,3753
Jolie,placerat.eget.venenatis@ligulaAeneangravida.org,26,3686
Halee,tempus.mauris.erat@tempusscelerisque.org,31,5857
Vanna,ac.mi@Donecsollicitudinadipiscing.ca,22,4037
Sybill,augue.eu.tempor@vehicularisusNulla.com,20,6678
Burton,nascetur.ridiculus@arcuNuncmauris.net,35,8100
Hakeem,Curabitur.massa.Vestibulum@Nuncut.edu,21,5293
Randall,et@ornarelectusante.ca,49,5842
Gary,arcu@etmagna.org,26,4023
David,Mauris.quis@fermentumfermentumarcu.com,42,3120
Cody,Donec@ullamcorpervelit.org,40,9502
Yvette,non.lorem.vitae@mauris.com,25,9047
Griffin,Donec.egestas.Duis@lacusQuisqueimperdiet.co.uk,28,5264
Ivor,tellus@porttitor.co.uk,28,5293
Jacob,semper.Nam@eget.edu,39,5640
Hiroko,sem.elit.pharetra@facilisi.edu,32,4962
Rudyard,ante@libero.ca,47,4821
Germane,a.felis.ullamcorper@Donec.co.uk,25,2563
Paul,magnis@quisturpis.ca,40,8007
Brandon,nulla.at.sem@nonmassanon.co.uk,38,5103
Edward,aliquam.enim@velvenenatisvel.co.uk,25,2460
Sydnee,tortor@facilisisSuspendissecommodo.edu,39,7834
Rose,rutrum@velit.net,22,4617
Jamal,sagittis.Duis.gravida@loremacrisus.com,34,8906
Ursa,cursus@pedeultrices.edu,40,2102
Silas,Curabitur.egestas.nunc@id.com,33,4373
Veronica,Curabitur.vel@auctorquistristique.co.uk,24,5551
Alika,tristique.neque@arcuvelquam.co.uk,22,9298
Seth,dolor@luctusipsum.com,33,2137
Sara,auctor@eget.co.uk,37,6598
Lee,scelerisque.neque@Aliquamnisl.com,25,6158
Rooney,luctus@ligulaAenean.co.uk,21,4336
Rama,In.lorem.Donec@pede.com,45,4496
Damon,sit.amet.faucibus@egetvarius.org,42,2827
Maya,ligula@aliquetPhasellus.net,36,8412
Nasim,tempus.non@mi.ca,38,6842
Ishmael,ut.erat@nonnisi.edu,40,7778
Marcia,neque.tellus.imperdiet@liberomauris.edu,45,4826
Darius,odio.a@pharetra.ca,45,7105
Delilah,Suspendisse@tortorNunc.edu,32,8691
Connor,sit@inceptoshymenaeosMauris.org,50,6008
Hadley,magnis.dis.parturient@Duis.co.uk,38,4700
Indira,nibh.lacinia@magnaa.co.uk,26,5576
Jayme,ultricies@mattis.edu,20,3686
Aline,penatibus@parturientmontes.com,25,7114